Model,Best Model,MSE,R²,MAE,Explained Variance
Linear Regression,LinearRegression(),2682.8926594708973,0.8875529743465533,32.11243894467179,0.8875531456222595
Random Forest,RandomForestRegressor(),6.358412006805501,0.9997335023764292,0.8662598388671934,0.9997335669841694
